n_machines,cost,breach_rate,avg_wait_admitted,p95_wait_admitted,makespan,horizon
2,192.0,0.2585034013605442,0.2268930733055825,0.8995032001935908,29.784002875576036,24.0
3,288.0,0.1836734693877551,0.2836438452940232,0.9107115929011815,30.013662005125976,24.0
4,384.0,0.11904761904761904,0.23046722164981448,0.887571110218266,30.184282737994295,24.0
5,480.0,0.06462585034013606,0.23622676990895342,1.777469095653295,29.965432286419702,24.0
6,576.0,0.034013605442176874,0.24805150171092055,1.756559771798134,28.663128335652086,24.0
7,672.0,0.013605442176870748,0.18791609284562852,1.8411643110249614,29.064067874062356,24.0
8,768.0,0.0,0.10914867990309006,1.0907728518823454,27.20520192490692,24.0
9,864.0,0.0,0.031620944937164136,0.11558104192588381,26.955574651647492,24.0
10,960.0,0.0,0.00902047109799864,0.0,26.955574651647492,24.0
11,1056.0,0.0,0.001312097755078639,0.0,26.955574651647492,24.0
12,1152.0,0.0,6.45917623862891e-05,0.0,26.955574651647492,24.0
13,1248.0,0.0,0.0,0.0,26.955574651647492,24.0
14,1344.0,0.0,0.0,0.0,26.955574651647492,24.0
15,1440.0,0.0,0.0,0.0,26.955574651647492,24.0
16,1536.0,0.0,0.0,0.0,26.955574651647492,24.0
